N1,N2,N3
0,2887,1518
1,320,2165
2,1167,16
3,476,1764
4,1207,4069
5,3614,451
6,4308,189
7,929,3596
8,3410,2201
9,912,3704
10,409,240
11,587,738
12,788,1025
13,1706,3367
14,1684,911
15,96,3441
16,9,384
17,326,921
18,4148,1079
19,291,1813
20,2641,810
21,1609,227
22,2457,1098
23,1306,108
25,1138,824
26,2293,712
27,282,815
28,3155,2210
29,129,1476
30,2462,2837
31,117,1296
32,717,2996
33,3193,482
34,69,331
36,1986,1761
37,2452,525
38,846,1345
39,4370,181
40,1455,5184
41,621,1424
43,126,144
44,415,1823
45,801,107
47,307,3422
48,1607,4201
49,1447,881
50,1559,1971
51,1543,1376
52,4143,86
53,340,2934
54,3473,3117
55,1638,798
56,2841,350
57,5173,1370
58,388,69
59,456,5097
60,1700,204
61,47,108
62,3528,351
63,2890,118
64,5,668
65,1878,94
66,1411,2350
67,2348,567
69,1357,466
70,34,438
71,1397,153
72,401,347
73,2188,1843
74,594,955
75,1030,50
76,4506,2613
77,3736,811
78,317,247
79,197,2943
80,745,1949
81,1954,235
82,158,198
83,94,38
84,339,3585
85,1655,335
86,427,1358
87,2205,1322
88,76,566
89,1266,2101
90,551,213
91,293,2886
92,983,261
93,910,3226
94,1754,3040
95,1193,2488
96,1063,2545
97,2998,69
98,400,598
99,1216,210
100,1272,47
101,396,875
103,1167,244
104,451,1452
105,4782,1839
106,3106,1121
107,133,2949
108,4876,108
109,1665,105
110,665,2454
111,2146,4349
112,1274,9
113,1297,3530
114,229,1110
115,5177,3849
117,1584,26
118,1927,3622
119,1697,4078
120,2809,191
121,552,2153
122,4531,20
123,43,526
124,395,1299
125,379,4265
126,1420,22
127,1402,3695
128,2308,137
129,795,14
130,656,4
131,1318,3897
132,4933,1283
133,2775,1325
134,1458,3566
135,218,4468
136,2309,2736
137,4302,507
138,2574,668
139,1355,139
140,679,785
141,3984,3498
142,843,48
143,2525,2368
144,2959,4
145,99,3196
146,3300,850
147,3956,562
149,336,4843
151,2451,1431
152,2028,4384
153,1339,2321
154,4455,3618
155,3503,1727
156,1192,366
157,551,129
158,270,378
159,319,1166
160,2029,1177
161,2519,1403
162,820,233
163,106,1765
164,1900,1095
165,1464,395
166,1454,762
167,1144,2775
168,911,15
169,345,2210
170,34,471
171,211,1336
172,4375,2365
173,217,25
175,4939,239
176,454,811
177,2671,51
178,560,4529
179,386,690
180,375,562
181,1534,3047
182,3679,976
183,2554,512
184,1503,459
185,1128,1665
186,2431,1539
187,1146,284
188,109,2256
189,3638,3133
190,931,661
191,4454,1680
192,14,3261
193,3738,828
194,112,943
195,254,190
196,1240,3340
197,4636,1273
198,992,675
199,3742,199
200,405,3187
201,1310,1276
202,2131,2452
203,1500,547
204,3,1447
205,4074,17
206,639,608
207,644,4701
208,3061,3358
209,1841,1162
210,3810,1681
211,5170,4344
212,132,657
213,64,264
214,770,2023
215,728,3803
216,1128,2084
217,221,741
218,2326,163
219,2077,1809
220,99,2679
221,1011,1465
222,1295,1160
223,1858,156
224,2551,479
225,4392,2491
226,1807,2987
227,4157,338
228,2023,10
229,4955,1597
230,2053,172
231,1960,1583
232,1813,2223
233,506,1720
234,78,3491
235,78,1260
236,1569,1721
237,703,1514
238,698,1803
239,3460,11
240,656,407
241,765,2696
242,228,1589
243,575,1036
244,2109,2120
245,135,109
246,1026,15
247,3804,3315
248,108,402
249,0,2638
250,1809,2882
251,1164,1129
252,707,755
253,507,156
254,1287,352
255,3196,435
256,55,203
257,1157,227
258,4574,1515
259,1083,870
260,495,15
261,679,3450
262,3445,1140
263,274,92
264,346,200
265,5148,1853
266,442,3546
267,937,3514
268,1443,63
269,1354,951
270,688,2489
271,825,455
272,393,3183
273,176,3733
274,826,2128
275,4872,453
276,1305,841
277,1464,2780
278,1064,3616
279,303,3900
280,1146,4312
281,1477,1363
282,466,2158
283,1193,3369
284,1272,1848
285,3358,387
286,2529,1438
287,1564,889
288,620,815
289,2172,3296
290,1267,1941
291,533,2756
292,3739,2562
293,2888,1167
294,1256,496
295,60,3035
296,1876,691
297,2353,3234
298,407,338
299,1851,1093
300,982,807
301,1951,2572
302,1042,163
303,122,2511
304,3046,153
305,319,3802
306,1480,521
307,460,3845
308,2438,1654
309,651,2784
310,2917,552
311,486,760
312,3340,803
313,1781,1431
314,1303,4850
315,4133,134
316,969,576
317,62,742
318,730,1529
319,529,4004
320,650,724
321,2081,1294
322,657,722
323,2919,3573
324,1824,100
325,1029,4225
326,1779,445
327,2451,1630
328,1873,2570
329,3754,89
330,1308,3409
331,3089,3501
332,582,579
333,1277,1748
334,4275,2409
335,2475,280
336,1260,3140
337,1496,283
338,218,3031
339,2786,978
340,97,1410
341,65,1425
342,3542,1049
343,381,151
344,2032,2457
345,2629,11
346,563,3514
347,120,3232
348,3589,1937
349,4784,460
350,94,626
351,4291,4446
352,126,62
353,16,4166
354,345,1737
355,2524,4009
356,2867,2
357,1519,700
358,3342,4091
359,1154,2821
360,573,124
361,3621,358
362,653,2099
363,1184,567
364,682,43
365,2510,4668
366,4890,1709
367,708,542
368,1965,647
369,1497,3482
370,70,4143
371,2271,1290
372,3525,1636
373,373,1813
374,1161,396
375,717,1267
376,4673,2867
377,3910,4048
378,3029,567
379,3710,671
380,2173,835
381,1481,1306
382,1312,584
383,164,1429
384,492,3405
385,1805,3844
386,2998,2257
387,2017,78
388,4437,1536
389,1347,103
390,1429,2216
391,780,1269
392,2771,478
393,2395,1788
394,2394,123
395,1428,3536
396,1566,366
397,3558,3033
398,170,76
399,1,1726
400,1005,1714
401,325,343
402,462,1149
403,121,3139
404,4141,61
405,84,3878
406,147,2176
407,4719,125
408,2763,4235
409,307,2167
410,303,410
411,587,2379
412,257,497
413,2215,4215
414,3087,195
415,1241,450
416,1804,417
417,3772,3068
418,465,3563
419,1190,313
420,1938,79
421,60,2136
422,3261,50
423,3341,241
424,7,4191
425,1435,1129
426,973,4153
427,363,481
428,1270,402
429,629,4341
430,631,578
431,2051,2654
432,4057,4672
433,968,1218
434,52,4410
435,3636,710
436,1868,4270
437,1022,208
438,499,2353
439,1195,1736
440,2155,440
441,2485,4155
442,192,352
443,1334,2951
444,832,3098
445,1920,688
446,1412,1242
447,5159,752
448,2159,3790
449,3063,4182
450,1831,349
451,1764,785
452,55,1609
453,3690,235
454,3489,2706
455,385,1688
456,2056,170
457,2988,1935
458,1006,85
459,557,2782
460,2189,2198
461,215,949
462,690,2228
463,6,566
464,1283,494
465,3895,782
466,891,1665
467,3194,467
468,323,449
469,1526,5019
470,850,901
471,2039,2922
472,4301,2335
473,395,145
474,3203,3252
475,807,162
476,14,4591
477,2200,1491
478,2768,186
479,972,2681
480,3027,1166
481,407,1988
482,4834,3384
483,2194,136
484,2572,173
485,479,3086
486,4483,543
487,446,5143
488,999,2388
489,408,276
490,338,1845
491,50,795
492,712,2040
493,4363,2688
494,2729,2179
495,842,2784
496,359,1039
497,2454,665
498,205,206
499,2158,466
500,1072,3392
501,3692,643
502,19,149
503,2325,98
504,576,1711
505,99,808
506,352,223
507,2851,507
508,104,3032
509,3908,2213
510,320,1124
511,215,2238
512,3267,595
513,5088,1927
514,1338,300
515,1897,2737
516,57,311
517,33,1763
518,194,1199
519,3642,292
520,1975,1119
521,680,56
522,728,1576
523,622,2224
524,608,140
525,1495,469
526,3924,1231
527,3301,556
528,1958,1088
529,76,3493
530,60,3318
531,10,1449
532,41,4128
533,151,2214
534,533,1856
535,146,207
536,936,448
537,580,537
538,1563,840
539,862,2161
540,4075,5041
541,1643,189
542,2029,2228
543,533,182
544,69,132
545,4269,2907
546,2482,4536
547,2367,203
548,211,1457
549,3715,285
550,321,635
551,2251,43
552,44,2771
553,2141,136
554,3436,1846
555,3003,555
556,1720,1933
557,3443,13
558,3530,3179
559,38,364
560,178,548
561,1503,458
562,61,153
563,172,339
564,4155,296
565,4770,4596
566,846,2095
567,1184,135
568,3269,2352
569,183,225
570,51,227
571,213,1307
572,4425,1300
573,3066,347
574,1772,1359
575,3021,2236
576,632,1692
577,3699,1301
578,670,1292
579,982,1435
580,3386,53
581,193,2225
582,729,1831
583,1261,3712
584,872,721
585,2840,132
586,314,1657
587,12,1976
588,443,3
589,4714,3348
590,4665,326
591,346,53
592,3486,2118
593,2793,4065
594,1348,1115
595,4088,247
596,3930,186
597,3682,261
598,272,301
599,392,4150
600,3141,1084
601,713,250
602,2251,1146
603,846,504
604,246,179
605,748,306
606,60,1302
607,3199,146
608,4781,1803
609,2467,476
610,88,337
611,655,1833
612,130,330
613,2988,613
614,454,316
615,1663,139
616,2849,827
617,170,400
618,201,138
619,1012,1437
620,170,701
621,1549,2630
622,186,124
623,512,4263
624,627,1170
625,130,8
626,428,1121
627,664,3969
628,3869,1959
629,683,482
630,1402,1263
631,1358,4082
632,3519,1337
633,2051,745
634,60,921
635,321,656
636,4846,256
637,1520,572
638,896,1456
639,84,994
640,1708,2841
641,669,570
642,224,238
643,3343,2449
644,1914,38
645,2575,3068
646,4236,1844
647,3716,1242
648,1072,491
649,2206,769
650,1854,650
651,1359,4234
652,554,705
653,11,655
654,2194,483
655,651,891
656,1222,892
657,220,764
658,811,573
659,964,1489
660,4931,69
661,1412,4078
662,155,3074
663,3822,511
664,3055,803
665,260,665
666,25,392
667,1543,291
668,565,3609
669,1582,1663
670,1225,617
671,3581,1062
672,107,2135
673,10,2774
674,4586,772
675,992,94
676,438,11
677,984,121
678,11,345
679,749,130
680,2756,4316
681,248,104
682,4926,4307
683,2174,36
684,409,345
685,819,1948
686,5110,1474
687,285,4562
688,146,73
689,3161,3022
690,462,1231
691,2913,2328
692,1043,28
693,202,1547
694,183,3176
695,1473,3581
696,354,1306
697,2023,91
698,607,542
699,1301,586
700,357,3027
701,1234,193
702,1077,875
703,1745,724
704,48,2145
705,538,763
706,3557,3489
707,3757,2742
708,213,416
709,1472,292
710,690,1952
711,2859,3312
712,1868,4164
713,934,1018
714,3797,175
715,182,1165
716,784,3643
717,2288,3806
718,743,481
719,181,2399
720,4059,3235
721,246,2736
722,220,2514
723,589,3056
724,340,703
725,336,707
726,4034,726
727,335,1342
728,1699,4552
729,1559,1183
730,4028,17
731,41,1983
732,3088,47
733,653,11
734,1231,1473
735,3779,4821
736,2429,2717
737,1282,3455
738,1115,689
739,1645,4399
740,805,4638
741,2546,786
742,1221,302
743,215,508
744,4912,569
745,4024,2757
746,3822,2551
747,27,2256
748,316,25
749,2670,3495
750,930,1402
751,1081,633
752,2723,27
753,1247,131
754,3255,469
755,13,62
756,3455,1078
757,632,2534
758,953,836
759,2191,850
760,4848,2343
761,658,495
762,2532,4418
763,543,4010
764,541,645
765,1160,2169
766,3178,2926
767,2451,1630
768,2346,301
769,2337,4855
770,1267,133
771,15,1571
772,373,2461
773,282,2755
774,2739,33
775,1785,3645
776,728,2671
777,1132,381
778,989,1862
779,308,494
780,1676,1145
781,504,5
782,4610,2607
783,1198,2965
784,3015,171
785,232,304
786,4594,1246
787,2111,2170
788,1849,1954
789,2477,2799
790,85,1723
791,2255,1119
792,1985,907
793,1230,1652
794,259,325
795,2069,21
796,1325,2730
797,1518,2887
798,5,3081
799,1571,880
800,157,171
801,1812,1601
802,1513,1246
803,5158,16
804,627,222
805,298,638
806,78,9
807,1231,1305
808,282,318
809,757,1407
810,2533,407
811,696,892
812,1138,312
813,842,1031
814,161,2231
815,910,510
816,1433,442
817,381,395
818,2026,1887
819,1592,3720
820,315,1654
821,4205,821
822,3711,3524
823,2843,1852
824,215,2952
825,2691,825
826,3261,27
827,1210,1508
828,3001,759
829,2383,855
830,592,0
831,448,1468
832,103,1364
833,281,2386
834,264,3364
835,309,765
836,1782,3101
837,41,2215
838,4072,534
839,147,1871
840,518,241
841,28,4276
842,4268,4629
843,2062,1972
844,4542,1138
845,675,576
846,2095,206
847,307,1613
848,868,44
849,2717,425
850,109,225
851,2638,11
852,4272,129
853,1277,1789
854,4527,16
855,10,99
856,2472,2741
857,604,1806
858,1466,1779
859,2696,376
860,1345,2573
861,3365,2193
862,4650,2033
863,243,1816
864,1332,1422
865,103,2959
866,2914,1462
867,4970,2712
868,1218,192
869,121,28
870,1665,759
871,1340,5
872,4596,4093
873,3576,3619
874,4740,2399
875,1667,1675
876,2791,1
877,1248,4405
878,2920,557
879,781,497
880,766,3863
881,2664,2581
882,1425,1565
883,448,1720
884,451,2516
885,1267,1191
886,0,880
887,62,3332
888,2912,2465
889,320,34
890,1557,796
891,1989,1165
892,1457,2033
893,47,1192
894,227,3890
895,1910,2106
896,3797,21
897,134,2166
898,219,3277
899,486,806
900,1255,4239
901,856,2176
902,176,1261
903,270,858
904,14,680
905,1568,1971
906,5151,1958
907,634,2018
908,1023,444
909,3377,906
910,1712,1756
911,400,9
912,4892,4925
913,4807,293
914,27,367
915,84,3324
916,1405,1656
917,1199,109
918,1726,2523
919,2047,4698
920,616,2447
921,326,47
922,34,77
923,4352,56
924,2145,49
925,60,2832
926,681,2507
927,597,2323
928,2131,178
929,1750,704
930,2698,5135
931,63,343
932,146,659
933,785,844
934,32,902
935,154,1435
936,20,936
937,309,2312
938,4430,15
939,688,4124
940,1352,2320
941,5,875
942,851,700
943,2897,1078
944,4959,13
945,2939,2236
946,1996,2118
947,834,264
948,3083,2067
949,607,716
950,728,3052
951,4374,349
952,3436,2246
953,176,4170
954,494,3523
955,729,4224
956,1515,3755
957,278,1257
958,691,4810
959,1202,616
960,1943,111
961,817,5166
962,2213,1377
963,824,64
964,1044,1103
965,494,954
966,2483,1383
967,1,1446
968,4015,1015
969,604,703
970,1139,664
971,155,70
972,122,3110
973,2359,1301
974,2356,398
975,349,2265
976,426,529
977,1505,398
978,1322,87
979,2697,4905
980,3183,326
981,406,3341
982,3384,1777
983,2042,3224
984,2241,4250
985,1809,3962
986,2070,1433
987,400,1893
988,603,1886
989,336,12
990,2459,2980
991,62,317
992,738,263
993,2705,270
994,4775,1823
995,875,325
996,2913,2030
997,98,1801
998,270,5048
999,1587,2482
1000,3730,645
1001,3326,896
1002,2480,38
1003,3887,1531
1004,642,715
1005,1092,3072
1006,59,307
1007,4417,3825
1008,2859,3897
1009,80,207
1010,97,430
1011,741,2546
1012,2134,53
1013,67,1326
1014,1323,2461
1015,878,62
1016,641,619
1017,41,3612
1018,613,518
1019,416,401
1020,36,3882
1021,503,1354
1022,713,2754
1023,3384,2722
1024,2068,2526
1025,1856,400
1026,1342,2604
1027,3450,550
1028,3474,3934
1029,273,3316
1030,877,560
1031,3695,1103
1032,141,1454
1033,345,927
1034,2012,3965
1035,2797,2654
1036,421,27
1037,3628,441
1038,216,941
1039,2649,464
1040,257,295
1041,2664,1041
1042,475,115
1043,460,476
1044,928,508
1045,775,26
1046,251,2881
1047,892,3158
1048,1286,5012
1049,58,2230
1050,568,610
1051,63,4146
1052,48,1365
1053,761,702
1054,1227,2286
1055,305,1500
1056,1140,3691
1057,45,3296
1058,3275,752
1059,38,1836
1060,1353,15
1061,275,4573
1062,117,3301
1063,2243,1328
1064,367,250
1065,603,446
1066,442,107
1067,2054,764
1068,2336,204
1069,4480,2
1070,485,474
1071,1536,1935
1072,4972,481
1073,101,4782
1074,3771,1470
1075,971,631
1076,218,1433
1077,95,1426
1078,2517,577
1079,288,913
1080,3961,1519
1081,347,3324
1082,1045,190
1083,885,152
1084,3432,4607
1085,1828,249
1086,2729,1439
1087,145,4412
1088,3578,2982
1089,1915,3309
1090,3015,2508
1091,3825,5017
1092,1910,1851
1093,2934,1093
1094,527,880
1095,1927,155
1096,1289,956
1097,292,1260
1098,114,3080
1099,75,437
1100,645,3652
1101,1006,285
1102,1281,207
1103,1909,254
1104,2901,3717
1105,1490,49
1106,2454,1169
1107,1885,600
1108,2310,1382
1109,1697,2454
1110,3173,848
1111,1008,395
1112,5066,1533
1113,998,1469
1114,1856,109
1115,107,2137
1116,1229,1338
1117,309,50
1118,420,221
1119,1015,4323
1120,275,2225
1121,853,456
1122,1960,717
1123,256,101
1124,47,86
1125,394,2175
1126,1976,791
1127,1152,185
1128,1924,1440
1129,3941,729
1130,242,814
1131,3028,4698
1132,753,1362
1133,44,817
1134,323,1896
1135,1321,2759
1136,562,2841
1137,2146,272
1138,2397,97
1139,3761,1139
1140,3429,1659
1141,11,1752
1142,356,2268
1143,358,250
1144,238,535
1145,874,1145
1146,2,628
1147,1761,349
1148,523,2143
1149,1053,2875
1150,2140,2723
1151,4374,1998
1152,4171,50
1153,1114,347
1154,207,83
1155,2792,693
1156,3599,438
1157,659,300
1158,433,19
1159,1336,3436
1160,2415,1160
1161,570,558
1162,778,1288
1163,2043,4398
1164,1011,2852
1165,363,224
1166,1342,613
1167,761,702
1168,4092,4485
1169,1131,296
1170,1610,1156
1171,926,1928
1172,1542,2976
1173,52,4799
1174,1545,115
1175,162,335
1176,1310,2574
1177,23,2343
1178,2347,3253
1179,903,2583
1180,3478,2739
1181,940,239
1182,99,1098
1183,2667,1186
1184,235,834
1185,2455,1128
1186,2009,479
1187,764,1175
1188,753,1181
1189,58,1026
1190,101,1739
1191,1463,2369
1192,2629,690
1193,2657,73
1194,1536,421
1195,384,121
1196,37,556
1197,47,415
1198,1206,3560
1199,4968,771
1200,2743,310
1201,327,3609
1202,1918,234
1203,9,547
1204,1222,526
1205,133,1186
1206,839,1141
1207,25,1708
1208,2283,460
1209,1675,4882
1210,1808,1730
1211,1047,1160
1212,117,272
1213,3238,129
1214,260,37
1215,2408,1087
1216,0,158
1217,1208,1793
1218,1338,1338
1219,686,2144
1220,1448,834
1221,652,3296
1222,304,867
1223,3081,133
1224,640,1163
1225,25,2148
1226,2492,468
1227,3112,1279
1228,363,1872
1229,3594,39
1230,4377,3944
1231,2246,101
1232,2442,3274
1233,975,395
1234,1954,927
1235,2,1073
1236,863,3227
1237,170,2852
1238,854,173
1239,2940,1603
1240,140,1243
1241,344,350
1242,53,287
1243,1008,349
1244,2740,259
1245,647,842
1246,304,4082
1247,428,1247
1248,530,4658
1249,144,2941
1250,2757,3448
1251,244,2248
1252,640,1295
1253,725,1169
1254,216,3492
1255,99,1358
1256,37,6
1257,307,987
1258,926,2789
1259,495,2825
1260,2084,950
1261,110,1916
1262,173,2481
1263,621,2135
1264,2100,372
1265,3179,1665
1266,3502,846
1267,3267,989
1268,1829,2726
1269,4454,1620
1270,335,1940
1271,376,566
1272,1807,21
1273,946,1778
1274,225,51
1275,3134,2898
1276,2307,2266
1277,3235,144
1278,1019,390
1279,455,1372
1280,4292,2027
1281,1040,292
1282,737,869
1283,3654,152
1284,665,171
1285,2349,47
1286,1823,403
1287,575,1938
1288,1896,4535
1289,149,1694
1290,553,1166
1291,3141,2331
1292,800,253
1293,3847,707
1294,2573,2248
1295,253,4341
1296,917,132
1297,163,372
1298,144,198
1299,4,61
1300,2051,1300
1301,923,2075
1302,4370,75
1303,28,1167
1304,2036,1079
1305,1473,3307
1306,781,2695
1307,1,6
1308,325,1059
1309,1731,2284
1310,197,59
1311,1463,1140
1312,256,1768
1313,655,753
1314,3390,655
1315,2105,1139
1316,3424,2121
1317,391,1122
1318,3897,1256
1319,898,2307
1320,2200,2842
1321,4003,1135
1322,2155,2485
1323,617,115
1324,2321,162
1325,1003,2102
1326,2782,89
1327,2473,363
1328,1877,3227
1329,3281,273
1330,3979,1202
1331,775,2151
1332,1958,1509
1333,1522,2030
1334,28,402
1335,4410,2552
1336,1089,281
1337,1606,1500
1338,1613,1807
1339,111,2306
1340,2535,432
1341,950,602
1342,731,3203
1343,713,232
1344,299,1066
1345,2458,1622
1346,641,8
1347,1334,4601
1348,1050,1374
1349,159,219
1350,403,1823
1351,1191,3988
1352,2000,1377
1353,104,3345
1354,1374,2160
1355,60,2459
1356,691,3523
1357,1119,5114
1358,631,707
1359,3758,1359
1360,1017,2724
1361,1972,491
1362,57,917
1363,2098,63
1364,2815,2555
1365,1627,149
1366,114,1981
1367,5134,3710
1368,748,432
1369,2593,2606
1370,52,536
1371,498,118
1372,1454,2568
1373,1978,168
1374,2352,1366
1375,2121,3424
1376,3341,3567
1377,312,1944
1378,3716,2041
1379,4867,1519
1380,1887,3440
1381,18,1414
1382,688,508
1383,533,2639
1384,4478,315
1385,2860,347
1386,487,529
1387,119,343
1388,2993,41
1389,659,939
1390,2506,528
1391,634,609
1392,2658,2
1393,3519,1625
1394,3602,2545
1395,1144,664
1396,454,500
1397,681,52
1398,913,4643
1399,1416,1770
1400,1337,3101
1401,298,2639
1402,1047,682
1403,1362,1610
1404,4386,4354
1405,4020,2745
1406,613,1270
1407,636,3979
1408,1669,1975
1409,168,1367
1410,319,3760
1411,1089,1096
1412,41,361
1413,2066,2243
1414,1488,3476
1415,619,45
1416,2463,5016
1417,1583,2411
1418,772,4677
1419,1438,4494
1420,4379,3964
1421,3388,3147
1422,453,3811
1423,1324,1390
1424,1925,2537
1425,153,606
1426,437,2594
1427,2204,262
1428,1784,1
1429,1225,168
1430,1416,134
1431,4394,955
1432,2159,1994
1433,1762,491
1434,1810,864
1435,2170,40
1436,2405,815
1437,729,1613
1438,647,1693
1439,18,2146
1440,41,2322
1441,2577,1691
1442,830,279
1443,217,334
1444,43,584
1445,4586,2402
1446,1343,4128
1447,2822,888
1448,153,2314
1449,228,4242
1450,60,1802
1451,463,1278
1452,2470,623
1453,1237,2760
1454,1372,921
1455,2977,2358
1456,819,1541
1457,1790,1932
1458,2170,1107
1459,698,1865
1460,2458,2156
1461,1644,201
1462,751,1455
1463,631,1463
1464,2212,323
1465,697,880
1466,4211,437
1467,278,2964
1468,2362,1568
1469,3,4202
1470,1222,1488
1471,95,3131
1472,687,3300
1473,1494,77
1474,1937,2871
1475,2176,1871
1476,1339,1399
1477,2913,178
1478,528,1565
1479,4035,1762
1480,908,16
1481,1940,2637
1482,1953,586
1483,642,1569
1484,785,54
1485,620,3569
1486,1037,1537
1487,2188,128
1488,2125,1100
1489,791,4275
1490,1651,26
1491,1727,2272
1492,2826,105
1493,1383,1520
1494,2862,3928
1495,3830,2
1496,522,3597
1497,341,3843
1498,3368,427
1499,1340,1499
1500,131,418
1501,1436,81
1502,1726,196
1503,1627,197
1504,669,570
1505,925,3343
1506,1248,2287
1507,355,997
1508,2834,228
1509,134,1514
1510,4657,293
1511,1352,1452
1512,1593,1611
1513,1281,2775
1514,453,1012
1515,843,2909
1516,2675,991
1517,4982,3058
1518,3707,187
1519,1692,2697
1520,899,472
1521,186,4326
1522,967,1437
1523,586,581
1524,3671,455
1525,299,879
1526,15,2120
1527,4363,2038
1528,898,3293
1529,1201,244
1530,1060,364
1531,178,4359
1532,2057,1445
1533,198,164
1534,478,431
1535,3578,3273
1536,1515,1588
1537,1035,1037
1538,2014,2794
1539,2785,2762
1540,1752,185
1541,690,3903
1542,1258,1508
1543,295,4356
1544,2332,1567
1545,1560,480
1546,818,1557
1547,1267,1060
1548,398,887
1549,1814,2790
1550,2194,980
1551,2205,3798
1552,1003,4955
1553,3333,4
1554,4927,859
1555,2120,4613
1556,4367,469
1557,2036,3503
1558,576,2957
1559,4798,1559
1560,2639,1658
1561,1548,187
1562,2451,3429
1563,269,201
1564,2837,492
1565,3324,319
1566,3248,866
1567,3629,34
1568,390,91
1569,1922,6
1570,250,290
1571,1505,1571
1572,814,588
1573,160,294
1574,1964,1797
1575,2705,321
1576,838,352
1577,4071,3085
1578,1657,2749
1579,2184,10
1580,543,1350
1581,78,1803
1582,669,1466
1583,27,321
1584,814,1237
1585,405,128
1586,2330,696
1587,1244,1212
1588,399,139
1589,832,3260
1590,1813,1314
1591,3393,958
1592,935,1665
1593,3881,267
1594,4591,14
1595,507,3002
1596,2820,2974
1597,58,2043
1598,0,1096
1599,895,17
1600,208,456
1601,1142,520
1602,1092,3942
1603,1040,81
1604,3979,4207
1605,34,2218
1606,3421,1016
1607,2760,1727
1608,885,1068
1609,541,4398
1610,254,477
1611,4322,2170
1612,4,4198
1613,243,863
1614,111,4979
1615,4392,39
1616,916,3345
1617,1105,2336
1618,1338,3867
1619,181,3014
1620,1661,176
1621,3712,386
1622,1095,1097
1623,596,1984
1624,2007,1854
1625,547,408
1626,934,325
1627,20,3983
1628,117,1212
1629,38,1400
1630,687,3149
1631,73,146
1632,556,2522
1633,5108,820
1634,844,2174
1635,120,2012
1636,3495,707
1637,165,4276
1638,2724,3793
1639,572,590
1640,4151,436
1641,3977,1641
1642,505,99
1643,1563,175
1644,2120,353
1645,939,4310
1646,2144,1646
1647,2478,1212
1648,419,255
1649,2793,776
1650,1526,2796
1651,5,177
1652,2011,888
1653,157,1859
1654,3198,3073
1655,1871,1199
1656,248,887
1657,2749,4651
1658,2639,519
1659,556,2024
1660,1581,84
1661,246,811
1662,2714,4000
1663,313,1981
1664,1775,1646
1665,2188,586
1666,994,482
1667,4750,2426
1668,3208,405
1669,350,1066
1670,1452,1879
1671,253,1110
1672,135,268
1673,2315,1196
1674,1661,1080
1675,1090,1838
1676,898,2307
1677,58,853
1678,3524,3711
1679,2689,1654
1680,1026,941
1681,1187,3863
1682,1171,3659
1683,29,421
1684,14,620
1685,221,1955
1686,2841,9
1687,1893,740
1688,2908,3830
1689,1493,923
1690,3591,205
1691,4015,3738
1692,2894,1504
1693,1277,4028
1694,401,1260
1695,2840,108
1696,185,4577
1697,156,804
1698,985,1220
1699,4129,2561
1700,941,739
1701,353,4644
1702,436,421
1703,1020,29
1704,188,13
1705,2882,4683
1706,1336,348
1707,3380,1988
1708,22,2265
1709,4695,228
1710,2,743
1711,1489,689
1712,300,3081
1713,140,908
1714,793,129
1715,578,153
1716,1766,525
1717,318,4359
1718,545,3759
1719,690,2946
1720,514,1911
1721,690,709
1722,2965,2148
1723,2762,156
1724,1248,10
1725,381,1044
1726,1450,896
1727,5153,899
1728,844,2692
1729,206,48
1730,2438,3376
1731,606,4661
1732,1027,2197
1733,4483,486
1734,602,989
1735,1233,4470
1736,1086,375
1737,1039,3020
1738,1389,3984
1739,1220,1153
1740,2070,1723
1741,1387,1264
1742,1049,30
1743,852,1743
1744,856,336
1745,2584,2898
1746,2679,1032
1747,3192,1094
1748,674,6
1749,3111,1280
1750,881,83
1751,140,570
1752,2842,287
1753,1145,2853
1754,1653,229
1755,1172,2446
1756,2280,948
1757,320,2681
1758,567,320
1759,2284,196
1760,979,4468
1761,663,802
1762,76,1460
1763,233,2518
1764,1068,935
1765,120,402
1766,1071,4863
1767,3358,136
1768,1164,210
1769,1892,1005
1770,1808,134
1771,2141,3234
1772,2616,3249
1773,2392,1679
1774,473,2193
1775,864,4203
1776,1171,431
1777,3384,2722
1778,62,3528
1779,1171,1397
1780,3363,104
1781,99,2467
1782,706,3682
1783,1507,2242
1784,436,4182
1785,25,196
1786,3180,724
1787,71,925
1788,282,1788
1789,3755,3829
1790,171,38
1791,930,568
1792,846,388
1793,1655,382
1794,2608,3567
1795,1504,172
1796,1065,425
1797,2504,3950
1798,167,859
1799,2382,3669
1800,1840,36
1801,347,2860
1802,15,1368
1803,1315,4330
1804,5131,1045
1805,2322,2221
1806,280,1671
1807,648,1491
1808,1508,3975
1809,937,220
1810,546,2446
1811,1948,1811
1812,589,809
1813,2768,1623
1814,1005,1092
1815,4615,1577
1816,4628,326
1817,1025,301
1818,1085,2961
1819,570,3519
1820,1876,3310
1821,893,1252
1822,752,2325
1823,181,862
1824,18,4420
1825,3022,1760
1826,92,841
1827,2536,3955
1828,3110,508
1829,1227,326
1830,80,1309
1831,1185,1102
1832,1454,36
1833,473,408
1834,6,2169
1835,125,852
1836,1561,3627
1837,11,3327
1838,145,1181
1839,11,655
1840,1469,1021
1841,49,3302
1842,4953,1659
1843,1314,1813
1844,351,323
1845,2277,3090
1846,1205,141
1847,1382,4507
1848,1057,13
1849,2754,16
1850,3184,2451
1851,1402,4338
1852,666,981
1853,72,905
1854,2007,398
1855,1071,4937
1856,2604,389
1857,2638,559
1858,1553,1960
1859,2923,229
1860,3389,2618
1861,107,630
1862,180,110
1863,732,1916
1864,451,1302
1865,1283,464
1866,708,598
1867,1191,118
1868,1626,1783
1869,1701,1763
1870,1328,2563
1871,2012,22
1872,41,234
1873,4209,888
1874,385,262
1875,1085,717
1876,1532,1703
1877,3891,309
1878,739,80
1879,5175,618
1880,2278,173
1881,887,4919
1882,128,2935
1883,770,4773
1884,1800,1202
1885,20,3410
1886,241,3101
1887,3246,2166
1888,161,3959
1889,2115,65
1890,841,364
1891,4362,1168
1892,2772,584
1893,74,1843
1894,703,452
1895,1278,4035
1896,238,608
1897,60,1268
1898,1966,777
1899,1227,3070
1900,3248,100
1901,1324,153
1902,4710,833
1903,408,624
1904,1137,1688
1905,1113,4474
1906,1938,3248
1907,1097,34
1908,1748,2095
1909,254,3446
1910,2478,1212
1911,1462,716
1912,1122,1032
1913,3145,2689
1914,74,166
1915,3394,1574
1916,1619,2514
1917,1833,3034
1918,3426,2723
1919,779,1595
1920,2825,2320
1921,762,276
1922,1648,473
1923,595,1358
1924,382,603
1925,722,870
1926,4081,1312
1927,1114,167
1928,3127,2129
1929,2931,1750
1930,736,209
1931,344,905
1932,2417,215
1933,1219,686
1934,247,3381
1935,497,2056
1936,2924,3758
1937,2646,1458
1938,407,37
1939,432,3717
1940,3177,3854
1941,204,1700
1942,1478,1448
1943,1610,1156
1944,1986,2300
1945,4223,1945
1946,3213,1249
1947,3079,3580
1948,945,2186
1949,12,781
1950,2722,195
1951,2431,541
1952,695,3507
1953,1735,3242
1954,582,2172
1955,358,2492
1956,3411,71
1957,81,355
1958,2871,546
1959,1643,743
1960,2452,127
1961,2944,711
1962,726,1263
1963,2605,2506
1964,1464,1736
1965,3844,735
1966,1498,2560
1967,3754,3648
1968,4103,480
1969,203,1476
1970,2825,526
1971,3503,184
1972,328,1877
1973,15,2251
1974,3533,1974
1975,3094,1856
1976,446,2301
1977,3844,302
1978,237,251
1979,2925,227
1980,333,111
1981,1576,590
1982,3290,237
1983,796,5123
1984,1836,2224
1985,797,158
1986,3772,29
1987,321,1118
1988,3046,2613
1989,4714,4221
1990,97,615
1991,1376,950
1992,1516,27
1993,335,3898
1994,1953,3739
1995,3831,985
1996,1288,2195
1997,4346,1067
1998,2991,4378
1999,459,2948
2000,1190,356
2001,1410,3130
2002,220,937
2003,3095,1955
2004,636,152
2005,2580,227
2006,3975,1478
2007,768,671
2008,4091,3745
2009,702,432
2010,3920,2590
2011,4972,985
2012,2019,3147
2013,328,4396
2014,4233,201
2015,1585,2032
2016,618,1384
2017,135,983
2018,1485,4136
2019,2183,1455
2020,2181,29
2021,1092,2677
2022,1037,1891
2023,913,4245
2024,111,2457
2025,656,2746
2026,2388,177
2027,2565,337
2028,136,604
2029,5060,503
2030,138,3220
2031,1482,4087
2032,53,1585
2033,4236,858
2034,1019,3353
2035,474,3097
2036,936,4
2037,2002,2443
2038,4549,290
2039,12,2300
2040,502,17
2041,395,2917
2042,86,2232
2043,3594,3296
2044,1104,1596
2045,2845,1433
2046,2303,551
2047,2266,25
2048,4305,3744
2049,916,2450
2050,4991,927
2051,375,2234
2052,3822,2052
2053,1547,3213
2054,1551,3359
2055,1683,3825
2056,2998,283
2057,795,4452
2058,1376,1945
2059,4687,2845
2060,291,19
2061,4816,1306
2062,4923,1404
2063,2266,1417
2064,2481,4249
2065,1611,926
2066,2791,2163
2067,868,3120
2068,4722,1366
2069,761,1167
2070,1428,436
2071,853,14
2072,1298,2826
2073,922,1303
2074,2802,3852
2075,614,865
2076,1648,561
2077,3805,791
2078,362,4185
2079,1587,1542
2080,859,4927
2081,650,1044
2082,40,1910
2083,3796,2073
2084,3088,400
2085,1355,388
2086,3438,364
2087,99,485
2088,1385,1105
2089,840,856
2090,696,1276
2091,1377,461
2092,969,670
2093,3605,3436
2094,737,223
2095,81,1530
2096,4278,8
2097,782,75
2098,3978,575
2099,4219,72
2100,2063,2737
2101,3001,4669
2102,3475,44
2103,1397,2906
2104,603,154
2105,5,1068
2106,1910,2553
2107,552,1935
2108,1591,3345
2109,0,4167
2110,740,202
2111,513,1248
2112,12,2
2113,973,2651
2114,3597,124
2115,678,2089
2116,200,1048
2117,581,2994
2118,3239,998
2119,1230,171
2120,4418,828
2121,0,121
2122,1400,2315
2123,23,3754
2124,3667,1424
2125,204,1961
2126,3159,3644
2127,3214,653
2128,2305,4422
2129,214,66
2130,3090,1637
2131,1147,1339
2132,2886,543
2133,648,1491
2134,12,121
2135,510,318
2136,4010,543
2137,54,5007
2138,58,3390
2139,614,947
2140,1797,891
2141,2362,2184
2142,4396,432
2143,822,2795
2144,3185,1416
2145,93,4967
2146,6,1836
2147,2709,2006
2148,1789,2148
2149,3456,1067
2150,2708,2779
2151,76,566
2152,0,1202
2153,4913,3866
2154,2525,322
2155,452,168
2156,2442,1107
2157,2217,4485
2158,3820,3375
2159,408,674
2160,3224,1880
2161,600,60
2162,89,1442
2163,2545,1467
2164,2199,3050
2165,45,1044
2166,1937,1455
2167,410,882
2168,1036,1680
2169,6,416
2170,2111,836
2171,521,3776
2172,644,1442
2173,1819,83
2174,5126,2933
2175,25,2245
2176,147,3117
2177,240,273
2178,1503,561
2179,146,322
2180,1105,1155
2181,5119,693
2182,320,1688
2183,2455,1929
2184,948,58
2185,1283,1073
2186,1590,585
2187,350,2295
2188,1195,1816
2189,3835,2449
2190,831,519
2191,13,1971
2192,3651,722
2193,473,191
2194,1303,918
2195,44,3978
2196,2086,1033
2197,3229,153
2198,255,2098
2199,2164,2275
2200,544,437
2201,122,4211
2202,3188,4280
2203,1506,161
2204,4847,322
2205,833,4261
2206,3510,2434
2207,57,4954
2208,3592,564
2209,2224,334
2210,710,3319
2211,2292,181
2212,2735,1615
2213,3207,3062
2214,3781,639
2215,527,3294
2216,1419,4238
2217,3202,2217
2218,168,811
2219,2859,2160
2220,267,3669
2221,1401,1199
2222,3293,2230
2223,649,297
2224,640,883
2225,814,1143
2226,4656,326
2227,14,1099
2228,4780,34
2229,3252,2815
2230,1291,143
2231,2578,2297
2232,408,111
2233,3566,124
2234,4866,3369
2235,2540,93
2236,294,639
2237,240,153
2238,3157,3360
2239,364,89
2240,1112,213
2241,1340,3076
2242,448,4782
2243,1939,4776
2244,3684,406
2245,699,1149
2246,153,756
2247,3982,3551
2248,235,2118
2249,2789,546
2250,577,663
2251,1283,1274
2252,3481,1997
2253,679,3247
2254,2527,2023
2255,726,1573
2256,4150,3248
2257,2160,1392
2258,4396,1328
2259,4244,2606
2260,2927,224
2261,159,1162
2262,2889,94
2263,2995,385
2264,29,5000
2265,597,977
2266,730,578
2267,329,431
2268,3322,1981
2269,2465,278
2270,2594,1059
2271,2653,4218
2272,3362,993
2273,2326,720
2274,2315,2122
2275,4957,1111
2276,2274,3559
2277,519,3297
2278,52,2313
2279,1679,2982
2280,4745,920
2281,330,575
2282,11,654
2283,1871,660
2284,2807,2760
2285,110,849
2286,501,3713
2287,384,4195
2288,87,2010
2289,1259,206
2290,719,163
2291,1894,1540
2292,2417,2092
2293,1269,3151
2294,258,4022
2295,2943,20
2296,2009,1862
2297,4894,2532
2298,53,642
2299,73,586
2300,846,412
2301,310,383
2302,2642,132
2303,208,1203
2304,1222,902
2305,646,140
2306,1004,1538
2307,8,232
2308,2652,206
2309,3033,2415
2310,1907,2490
2311,3969,987
2312,1895,55
2313,4742,2778
2314,2409,3170
2315,2021,64
2316,3652,3446
2317,85,1148
2318,589,3067
2319,211,2030
2320,1452,916
2321,1258,2151
2322,820,827
2323,200,3407
2324,3521,3126
2325,4872,3480
2326,519,2272
2327,298,707
2328,1921,1670
2329,2006,2709
2330,451,1067
2331,830,130
2332,221,43
2333,4379,1691
2334,196,78
2335,1497,621
2336,36,1392
2337,1122,1941
2338,247,391
2339,1939,1328
2340,2263,795
2341,1845,1340
2342,22,777
2343,65,118
2344,2680,3438
2345,804,408
2346,2413,622
2347,828,2198
2348,876,3120
2349,1137,4120
2350,1489,127
2351,703,340
2352,95,1360
2353,2306,164
2354,612,1629
2355,829,1757
2356,2316,1182
2357,1520,1895
2358,4544,197
2359,914,637
2360,34,3627
2361,3516,0
2362,3881,4087
2363,510,754
2364,3385,2364
2365,879,131
2366,996,3220
2367,1692,1276
2368,3673,3936
2369,801,16
2370,2491,2356
2371,307,2663
2372,1182,4005
2373,1704,265
2374,3575,3802
2375,86,503
2376,828,4381
2377,1568,53
2378,826,819
2379,1667,259
2380,313,4112
2381,202,2209
2382,1211,846
2383,94,825
2384,639,267
2385,4761,237
2386,2541,3206
2387,1484,1783
2388,1958,3440
2389,439,33
2390,2679,1229
2391,2786,1120
2392,1509,2999
2393,212,710
2394,3936,3673
2395,572,1639
2396,4030,896
2397,363,3348
2398,1060,1353
2399,1614,3421
2400,3612,1141
2401,659,432
2402,76,2179
2403,483,3378
2404,301,162
2405,312,2995
2406,1539,761
2407,437,1006
2408,165,3174
2409,211,1528
2410,73,1108
2411,193,326
2412,351,1828
2413,1,809
2414,922,319
2415,25,1230
2416,119,156
2417,2820,4290
2418,750,1045
2419,636,385
2420,1498,627
2421,1166,357
2422,472,1073
2423,2616,4670
2424,889,1076
2425,1535,4161
2426,3614,2426
2427,4844,542
2428,2257,2300
2429,3639,1769
2430,4237,2430
2431,4405,1248
2432,4221,47
2433,4731,176
2434,1942,3489
2435,2972,3893
2436,3,1320
2437,3753,1451
2438,2111,1422
2439,5041,267
2440,2690,904
2441,521,443
2442,2883,3535
2443,310,170
2444,458,1137
2445,21,3087
2446,787,1425
2447,3908,2913
2448,922,13
2449,15,532
2450,600,448
2451,2108,96
2452,1671,723
2453,3992,3093
2454,4518,88
2455,1871,707
2456,290,228
2457,1622,749
2458,707,3608
2459,1524,3343
2460,352,369
2461,2917,1649
2462,350,1956
2463,787,1434
2464,1,12
2465,1064,1346
2466,3040,3056
2467,269,800
2468,55,937
2469,521,4376
2470,1363,898
2471,8,4184
2472,2183,2313
2473,992,4498
2474,4036,1369
2475,1436,719
2476,2647,4362
2477,3331,2477
2478,1799,1024
2479,539,1961
2480,1398,1726
2481,337,1368
2482,2846,62
2483,1456,448
2484,29,1934
2485,441,974
2486,1537,4971
2487,1242,41
2488,2657,480
2489,311,4505
2490,725,3718
2491,164,927
2492,869,1723
2493,2082,1727
2494,2205,2079
2495,300,690
2496,2262,2829
2497,2930,1257
2498,377,75
2499,1172,3817
2500,737,1282
2501,2164,3085
2502,2397,494
2503,463,3107
2504,4009,1313
2505,1982,4757
2506,791,3
2507,23,214
2508,1191,1199
2509,2078,266
2510,211,1258
2511,594,1860
2512,1889,1247
2513,538,3105
2514,1076,2142
2515,368,1965
2516,2990,2471
2517,418,430
2518,1684,1007
2519,713,3889
2520,1444,1254
2521,229,118
2522,3180,2625
2523,4017,3732
2524,2413,2346
2525,1601,1774
2526,412,1125
2527,493,3178
2528,1009,320
2529,1,4446
2530,3589,1646
2531,2825,3431
2532,680,2168
2533,733,812
2534,389,396
2535,3832,3137
2536,1599,4203
2537,2355,4542
2538,1846,1517
2539,47,3032
2540,4595,2540
2541,1864,1475
2542,477,3654
2543,3,3284
2544,407,557
2545,4110,929
2546,1,2488
2547,2890,63
2548,591,1006
2549,2238,1957
2550,504,70
2551,224,101
2552,61,435
2553,893,47
2554,94,378
2555,445,2201
2556,3781,127
2557,621,251
2558,690,55
2559,2672,3334
2560,990,4145
2561,4345,550
2562,1861,514
2563,3625,4066
2564,231,440
2565,31,1612
2566,14,4591
2567,12,1148
2568,399,564
2569,1731,4394
2570,328,2269
2571,372,1590
2572,173,228
2573,1529,210
2574,1140,1555
2575,82,1103
2576,4418,0
2577,869,420
2578,539,583
2579,2311,2095
2580,695,1556
2581,1912,4935
2582,4601,101
2583,4491,4600
2584,494,1180
2585,3953,1737
2586,1136,2311
2587,556,3865
2588,136,2194
2589,43,5048
2590,1681,1934
2591,1932,2708
2592,4024,54
2593,3774,1237
2594,172,13
2595,652,289
2596,1747,247
2597,1449,3999
2598,51,78
2599,1147,3573
2600,4346,4860
2601,859,683
2602,1659,4830
2603,183,569
2604,993,2364
2605,191,2540
2606,1372,10
2607,402,191
2608,319,4660
2609,2647,887
2610,2286,602
2611,3697,1155
2612,1978,4679
2613,3743,4697
2614,3612,786
2615,3213,193
2616,3189,408
2617,2930,3577
2618,692,3635
2619,488,4665
2620,1753,1733
2621,159,857
2622,1332,2871
2623,3123,4765
2624,53,3537
2625,3180,441
2626,221,0
2627,2093,925
2628,4131,2053
2629,4245,913
2630,831,3407
2631,2367,1519
2632,65,1114
2633,4092,1035
2634,3564,4602
2635,1643,2698
2636,2356,405
2637,397,2264
2638,621,931
2639,774,2756
2640,389,1029
2641,3550,3048
2642,3645,1785
2643,5,730
2644,1574,472
2645,2562,389
2646,926,2499
2647,2606,4279
2648,1788,2264
2649,112,2414
2650,4093,3509
2651,932,287
2652,1011,410
2653,4218,692
2654,441,1461
2655,1248,75
2656,440,271
2657,57,2472
2658,431,344
2659,187,1382
2660,3705,4498
2661,545,4183
2662,918,185
2663,3422,2124
2664,1194,585
2665,776,1112
2666,1115,2623
2667,185,155
2668,1103,69
2669,1592,367
2670,2469,569
2671,3130,291
2672,1750,1183
2673,67,2414
2674,4075,34
2675,619,14
2676,2496,1679
2677,1241,1479
2678,1579,1526
2679,339,1120
2680,1098,2267
2681,4097,699
2682,2628,726
2683,1133,5148
2684,1986,3117
2685,4158,375
2686,2653,581
2687,181,163
2688,87,1666
2689,488,999
2690,2285,248
2691,3764,0
2692,2762,2105
2693,533,3018
2694,3205,3890
2695,2180,3356
2696,3434,2582
2697,1625,71
2698,258,2943
2699,1912,767
2700,269,1461
2701,125,938
2702,1691,564
2703,385,2767
2704,2633,3750
2705,2359,3884
2706,488,2619
2707,664,638
2708,2704,2022
2709,1434,1172
2710,8,979
2711,143,2452
2712,1597,610
2713,678,4310
2714,16,1604
2715,3446,2750
2716,2251,602
2717,908,578
2718,1542,2496
2719,1771,319
2720,233,2646
2721,1423,1425
2722,195,1044
2723,2433,2567
2724,3719,2637
2725,845,1480
2726,900,3045
2727,261,836
2728,4431,2277
2729,2063,3144
2730,1385,27
2731,1677,2108
2732,3349,2764
2733,684,475
2734,702,1923
2735,1756,92
2736,1880,2474
2737,50,669
2738,96,182
2739,176,2597
2740,4275,1746
2741,4004,105
2742,2834,216
2743,137,1042
2744,1548,3345
2745,334,1
2746,76,290
2747,505,2479
2748,1381,836
2749,230,3175
2750,4631,4693
2751,2208,1986
2752,1924,3116
2753,2868,2913
2754,2433,70
2755,841,2601
2756,774,2934
2757,1024,230
2758,3598,1539
2759,1013,1157
2760,487,66
2761,5043,4136
2762,2000,1190
2763,357,218
2764,1322,3133
2765,225,748
2766,176,2108
2767,402,1530
2768,2628,3105
2769,180,4259
2770,3403,3521
2771,156,607
2772,1359,720
2773,955,632
2774,2971,605
2775,1341,2346
2776,5054,5122
2777,1135,1183
2778,1311,412
2779,4244,2254
2780,90,4000
2781,1394,4349
2782,882,1321
2783,3593,2602
2784,3802,1114
2785,4369,3742
2786,1862,218
2787,3621,1440
2788,622,1090
2789,820,262
2790,602,1117
2791,4719,651
2792,26,1975
2793,784,4652
2794,680,1051
2795,417,2319
2796,661,429
2797,3153,493
2798,107,193
2799,1505,157
2800,51,1454
2801,4554,4658
2802,293,74
2803,758,953
2804,616,219
2805,704,2607
2806,272,393
2807,1253,118
2808,538,1108
2809,839,1292
2810,380,1912
2811,2924,3758
2812,1762,641
2813,495,1914
2814,214,2397
2815,100,1831
2816,87,2635
2817,2226,55
2818,1970,1276
2819,316,1417
2820,1340,889
2821,547,1625
2822,4443,173
2823,1857,972
2824,889,67
2825,2825,28
2826,1383,97
2827,1318,3992
2828,21,115
2829,2151,315
2830,514,745
2831,4102,962
2832,338,64
2833,846,157
2834,431,1038
2835,2533,16
2836,2465,0
2837,492,1787
2838,883,2214
2839,943,1664
2840,140,904
2841,1893,4376
2842,1752,2003
2843,3139,178
2844,4020,1405
2845,2076,3788
2846,717,2023
2847,2420,153
2848,806,1072
2849,117,4432
2850,3747,2062
2851,637,603
2852,2782,1740
2853,792,614
2854,917,59
2855,5145,548
2856,3531,3826
2857,609,2049
2858,1103,1909
2859,125,3882
2860,2735,1671
2861,221,767
2862,1075,490
2863,830,477
2864,351,1364
2865,980,4969
2866,75,476
2867,4350,4354
2868,2788,2613
2869,2238,3381
2870,980,324
2871,2006,2871
2872,2549,3721
2873,467,1911
2874,1330,2690
2875,3223,131
2876,190,2865
2877,2057,3699
2878,3845,4375
2879,1624,1035
2880,2399,1198
2881,4128,1281
2882,4005,2882
2883,2442,667
2884,2879,3085
2885,948,2081
2886,1892,3135
2887,96,2887
2888,4466,2888
2889,287,254
2890,57,2890
2891,718,2933
2892,3208,1668
2893,2450,916
2894,39,2675
2895,23,2080
2896,19,559
2897,499,3792
2898,364,3003
2899,199,2095
2900,703,1431
2901,1797,4005
2902,1901,2962
2903,63,3926
2904,602,722
2905,28,949
2906,687,483
2907,1852,2498
2908,340,4814
2909,2516,450
2910,687,2298
2911,402,2406
2912,3212,432
2913,19,1354
2914,207,126
2915,359,1623
2916,980,300
2917,2547,113
2918,123,4
2919,2344,186
2920,3206,359
2921,53,670
2922,826,853
2923,262,1933
2924,1420,334
2925,758,304
2926,2205,3517
2927,1213,985
2928,904,97
2929,1240,748
2930,889,1255
2931,352,79
2932,3048,327
2933,898,2459
2934,942,3183
2935,3872,461
2936,3586,144
2937,689,1220
2938,3466,216
2939,1279,1126
2940,1737,4493
2941,2588,3905
2942,2254,2476
2943,1778,2943
2944,114,1623
2945,4064,844
2946,472,1396
2947,2686,1189
2948,2147,2065
2949,3512,125
2950,3132,160
2951,1151,1082
2952,762,512
2953,415,2579
2954,713,1
2955,127,2334
2956,3811,735
2957,1159,1125
2958,112,1022
2959,590,1861
2960,3293,2868
2961,164,388
2962,1501,2938
2963,818,224
2964,254,1287
2965,385,2158
2966,1156,2966
2967,2497,4460
2968,865,80
2969,4,261
2970,3082,519
2971,1619,651
2972,163,1927
2973,1744,3271
2974,2753,1926
2975,1551,767
2976,3146,80
2977,41,1934
2978,1289,2100
2979,3543,1654
2980,3405,1543
2981,21,938
2982,1430,2855
2983,587,771
2984,496,961
2985,746,515
2986,58,3935
2987,2608,1095
2988,953,3040
2989,97,1099
2990,2290,360
2991,1397,350
2992,4696,2992
2993,172,294
2994,1485,2018
2995,1019,338
2996,2869,1168
2997,4262,3374
2998,3421,1606
2999,27,4561
3000,241,1758
3001,231,3055
3002,1408,567
3003,4198,1815
3004,4621,3120
3005,1292,414
3006,2887,29
3007,100,16
3008,2587,3381
3009,17,2468
3010,1638,1188
3011,1590,4054
3012,633,412
3013,2005,4404
3014,73,3833
3015,951,1153
3016,211,3581
3017,684,2404
3018,1602,2559
3019,5140,1497
3020,1761,2072
3021,0,476
3022,57,1993
3023,33,29
3024,257,950
3025,25,1750
3026,2591,595
3027,1625,3027
3028,646,1087
3029,567,30
3030,1281,104
3031,218,290
3032,1177,4555
3033,332,2774
3034,3514,3241
3035,83,1226
3036,3617,37
3037,152,1383
3038,1858,3033
3039,61,1134
3040,4616,1058
3041,261,818
3042,137,408
3043,1054,480
3044,1194,687
3045,3360,623
3046,509,2120
3047,1534,3072
3048,3550,1215
3049,2476,1577
3050,912,676
3051,217,94
3052,1374,124
3053,2785,4369
3054,103,3748
3055,1933,3667
3056,1451,234
3057,1789,75
3058,1012,796
3059,4020,1050
3060,4415,330
3061,1015,4062
3062,684,4456
3063,2693,3806
3064,4474,1357
3065,1056,3196
3066,1715,923
3067,589,1588
3068,3772,2428
3069,767,3534
3070,1298,3448
3071,3667,1893
3072,5138,125
3073,1434,1776
3074,330,5020
3075,2014,443
3076,1262,1898
3077,870,85
3078,3970,3657
3079,1869,80
3080,115,580
3081,712,4270
3082,716,3567
3083,99,220
3084,4711,25
3085,1850,4766
3086,298,1277
3087,175,1165
3088,567,96
3089,266,3074
3090,1467,2277
3091,2843,278
3092,464,4352
3093,450,1113
3094,83,948
3095,3705,928
3096,2485,2010
3097,572,576
3098,433,423
3099,3174,420
3100,1275,603
3101,1331,1314
3102,2350,387
3103,421,408
3104,3637,44
3105,70,587
3106,3375,1777
3107,1092,5150
3108,289,44
3109,2233,228
3110,4731,896
3111,4472,838
3112,2488,147
3113,3863,1537
3114,1210,1773
3115,226,1557
3116,675,657
3117,405,2636
3118,316,1056
3119,434,4321
3120,16,124
3121,528,546
3122,1539,1463
3123,341,1718
3124,4242,2534
3125,1903,438
3126,2960,854
3127,1508,787
3128,762,3486
3129,227,322
3130,1127,4181
3131,662,659
3132,1406,1382
3133,3623,1068
3134,3678,2302
3135,876,975
3136,30,3754
3137,1738,1939
3138,546,2321
3139,173,3099
3140,2730,2089
3141,1876,1586
3142,415,3630
3143,86,205
3144,4792,1932
3145,3578,8
3146,3303,4911
3147,336,983
3148,145,2261
3149,4158,2764
3150,5065,3150
3151,4027,3124
3152,15,125
3153,2217,441
3154,2506,3146
3155,1533,518
3156,637,532
3157,1859,157
3158,2819,306
3159,625,836
3160,1235,842
3161,2826,1749
3162,4476,3565
3163,1106,1291
3164,4719,2859
3165,2437,1670
3166,1147,4451
3167,259,3301
3168,1093,2934
3169,4689,460
3170,1536,122
3171,131,1435
3172,561,1648
3173,1695,1630
3174,3834,420
3175,623,2253
3176,2833,507
3177,1342,2194
3178,2625,478
3179,103,3030
3180,555,1001
3181,2200,123
3182,109,4256
3183,773,4264
3184,4595,2540
3185,348,244
3186,219,610
3187,237,90
3188,3552,2850
3189,71,3411
3190,233,4802
3191,2114,28
3192,3141,178
3193,4138,513
3194,917,101
3195,1360,1201
3196,4683,2338
3197,40,118
3198,1110,262
3199,13,151
3200,658,335
3201,2376,4349
3202,768,179
3203,82,4191
3204,2937,4236
3205,2832,3555
3206,62,3689
3207,3536,533
3208,2069,115
3209,260,1926
3210,1597,824
3211,70,5006
3212,571,2728
3213,663,1622
3214,90,680
3215,4,4691
3216,594,1969
3217,3767,96
3218,2162,1314
3219,146,535
3220,3272,3220
3221,650,214
3222,1222,272
3223,154,2114
3224,795,3080
3225,630,1370
3226,4650,3555
3227,1788,211
3228,111,2409
3229,5099,181
3230,3235,112
3231,374,26
3232,3840,581
3233,191,1780
3234,77,4181
3235,3478,1938
3236,14,207
3237,5094,275
3238,577,687
3239,2232,797
3240,183,1559
3241,4010,400
3242,4895,591
3243,176,1083
3244,3189,2338
3245,3207,321
3246,2689,3975
3247,936,399
3248,1900,103
3249,646,3469
3250,2650,222
3251,778,902
3252,2938,3466
3253,2047,2008
3254,3588,922
3255,3684,3360
3256,3385,2066
3257,4679,3544
3258,1690,3057
3259,104,2184
3260,764,4
3261,27,851
3262,203,632
3263,2046,3849
3264,22,367
3265,111,2310
3266,4721,3266
3267,815,511
3268,789,681
3269,2352,2160
3270,1801,112
3271,183,183
3272,1762,88
3273,1384,2358
3274,574,434
3275,2250,119
3276,3950,1164
3277,863,256
3278,882,2291
3279,2584,4366
3280,85,1550
3281,2210,688
3282,1416,3373
3283,1633,895
3284,132,382
3285,2951,729
3286,1591,2820
3287,9,1238
3288,296,4081
3289,2761,3124
3290,1629,734
3291,301,273
3292,2695,4218
3293,773,39
3294,883,3308
3295,3001,2254
3296,887,16
3297,4118,1692
3298,1939,71
3299,2281,2680
3300,26,2387
3301,911,1684
3302,2884,1206
3303,29,1055
3304,3490,409
3305,1145,962
3306,3595,2831
3307,1520,4612
3308,904,2137
3309,2694,37
3310,1397,1240
3311,2661,4919
3312,4354,330
3313,4147,1035
3314,240,1717
3315,1759,2128
3316,5009,113
3317,183,1269
3318,275,4167
3319,4995,4332
3320,47,458
3321,101,7
3322,1392,3611
3323,374,2905
3324,863,130
3325,111,720
3326,4681,2783
3327,25,714
3328,9,3606
3329,53,340
3330,4888,984
3331,1107,4868
3332,153,2279
3333,1419,1068
3334,21,321
3335,2535,4672
3336,1049,153
3337,3270,1443
3338,91,1190
3339,1504,301
3340,1580,62
3341,4764,4341
3342,564,1635
3343,868,877
3344,3513,1201
3345,1885,175
3346,927,2377
3347,4661,3347
3348,3755,4533
3349,2732,958
3350,2024,2246
3351,3141,3534
3352,1098,424
3353,4463,1869
3354,2688,3534
3355,1556,381
3356,914,1084
3357,158,470
3358,2755,243
3359,2600,2654
3360,1262,634
3361,2869,3190
3362,760,2571
3363,1883,4377
3364,684,1519
3365,529,487
3366,149,542
3367,74,4246
3368,3666,2235
3369,1617,1130
3370,2811,2924
3371,2635,2830
3372,163,2777
3373,1928,3801
3374,2997,4247
3375,2880,1692
3376,1407,3567
3377,906,2282
3378,1075,4682
3379,777,639
3380,575,813
3381,247,913
3382,1567,1766
3383,3655,4051
3384,465,2311
3385,1314,3225
3386,1212,2005
3387,2647,2751
3388,74,3111
3389,1860,5108
3390,1589,2996
3391,306,63
3392,2178,554
3393,185,2403
3394,1059,133
3395,1497,351
3396,1380,1565
3397,1718,112
3398,493,1677
3399,1045,3847
3400,4233,3785
3401,2434,1348
3402,668,2389
3403,2586,3403
3404,821,1784
3405,602,218
3406,1527,1572
3407,37,495
3408,3976,1622
3409,866,1272
3410,67,1947
3411,52,313
3412,708,1952
3413,626,94
3414,308,385
3415,757,120
3416,218,1606
3417,1795,1711
3418,2035,2175
3419,47,430
3420,2285,1
3421,3348,3737
3422,252,981
3423,6,2705
3424,770,1608
3425,3692,2347
3426,933,44
3427,3882,36
3428,3424,3668
3429,50,214
3430,1137,747
3431,1185,707
3432,138,3986
3433,147,943
3434,3452,285
3435,178,2369
3436,885,3424
3437,2635,740
3438,5001,3596
3439,1593,3439
3440,985,580
3441,3233,149
3442,165,4272
3443,1293,129
3444,401,262
3445,1820,6
3446,254,2789
3447,604,1558
3448,4111,3098
3449,4641,4740
3450,2328,1187
3451,957,834
3452,3859,4444
3453,3753,4078
3454,2656,1915
3455,317,1181
3456,87,2647
3457,714,1977
3458,453,1422
3459,1155,3939
3460,767,762
3461,731,1217
3462,2917,7
3463,1640,1320
3464,4625,2317
3465,1142,22
3466,1793,3893
3467,382,675
3468,3913,274
3469,483,2086
3470,2269,1973
3471,790,589
3472,459,130
3473,4800,1947
3474,2307,2591
3475,1073,3143
3476,1589,3476
3477,1023,915
3478,2571,292
3479,4271,3354
3480,4872,7
3481,2764,3349
3482,2668,982
3483,1040,884
3484,51,2431
3485,422,775
3486,4491,4277
3487,240,2173
3488,2,5180
3489,4183,963
3490,2222,3126
3491,1293,691
3492,2354,989
3493,20,4168
3494,48,4862
3495,2472,460
3496,3467,3177
3497,1077,2171
3498,215,71
3499,844,4604
3500,3304,2788
3501,4318,22
3502,3584,3502
3503,2099,1544
3504,403,531
3505,147,2571
3506,238,895
3507,1015,1001
3508,1680,62
3509,802,663
3510,3296,1305
3511,2315,47
3512,569,2189
3513,2770,773
3514,2943,20
3515,1436,980
3516,2693,3176
3517,2234,2010
3518,1990,2657
3519,955,144
3520,157,308
3521,2831,2586
3522,5052,1882
3523,154,836
3524,305,3586
3525,1293,2280
3526,1487,1567
3527,2887,0
3528,529,4524
3529,1524,1312
3530,2503,3789
3531,833,1089
3532,10,2577
3533,204,2101
3534,2688,1850
3535,319,37
3536,478,166
3537,95,638
3538,3475,359
3539,1315,2117
3540,1584,3738
3541,3409,4181
3542,1176,3396
3543,2506,528
3544,4040,517
3545,1722,4771
3546,468,358
3547,3711,731
3548,135,72
3549,2583,87
3550,1168,1551
3551,1458,1775
3552,1524,1465
3553,1464,1130
3554,4551,2573
3555,2853,646
3556,1826,554
3557,3394,1440
3558,201,3446
3559,405,1141
3560,3479,2576
3561,642,1690
3562,1308,325
3563,455,1451
3564,2529,4982
3565,1201,2753
3566,124,445
3567,3462,2039
3568,3210,2831
3569,4504,1249
3570,4736,39
3571,1201,3500
3572,4576,2859
3573,1868,234
3574,1380,920
3575,899,591
3576,298,2158
3577,4510,390
3578,1810,2646
3579,3853,3579
3580,1180,90
3581,542,555
3582,391,16
3583,3,2740
3584,1675,4167
3585,3033,1457
3586,305,728
3587,1586,1631
3588,736,3128
3589,1958,1810
3590,3140,1044
3591,2970,431
3592,2208,15
3593,2674,1429
3594,768,242
3595,2788,3499
3596,2258,1328
3597,4722,886
3598,1086,1336
3599,4526,2240
3600,1879,2486
3601,1547,3213
3602,93,12
3603,1304,1815
3604,758,688
3605,2957,140
3606,160,43
3607,175,800
3608,2362,3766
3609,282,3445
3610,940,4610
3611,26,2073
3612,1989,2833
3613,3959,556
3614,1686,420
3615,3343,1104
3616,1552,30
3617,3036,1415
3618,124,3136
3619,4168,4620
3620,167,3929
3621,11,18
3622,1628,1310
3623,295,296
3624,721,1895
3625,2277,2066
3626,2634,4288
3627,34,91
3628,441,4981
3629,988,137
3630,4114,526
3631,1569,1859
3632,4098,950
3633,999,1324
3634,2670,791
3635,265,1136
3636,1371,1183
3637,4438,347
3638,1037,767
3639,325,3326
3640,3011,4571
3641,77,430
3642,2364,257
3643,3541,4863
3644,144,1268
3645,761,481
3646,827,820
3647,550,1957
3648,2299,267
3649,161,1506
3650,647,2969
3651,1818,83
3652,39,2810
3653,738,1343
3654,1688,385
3655,812,991
3656,1367,168
3657,51,2285
3658,115,1759
3659,2646,3659
3660,2403,913
3661,63,911
3662,1930,1943
3663,3232,616
3664,4630,3888
3665,83,225
3666,4684,2610
3667,264,1904
3668,3424,1194
3669,3876,142
3670,149,1283
3671,3805,622
3672,752,2950
3673,3417,4683
3674,1349,3341
3675,162,3950
3676,4579,27
3677,1984,22
3678,5079,3678
3679,194,187
3680,283,266
3681,299,644
3682,273,153
3683,2925,227
3684,2236,1491
3685,659,718
3686,1284,78
3687,1360,3847
3688,449,2294
3689,656,761
3690,1645,291
3691,1216,1218
3692,3494,3053
3693,3722,1997
3694,2033,1111
3695,27,2701
3696,445,3052
3697,905,641
3698,419,214
3699,296,806
3700,2803,2176
3701,405,73
3702,4205,476
3703,3914,3703
3704,11,973
3705,1297,231
3706,847,257
3707,2920,216
3708,328,1845
3709,1002,4884
3710,2454,165
3711,736,2399
3712,1311,2080
3713,1505,925
3714,2576,4202
3715,349,975
3716,5157,298
3717,1442,836
3718,3507,2011
3719,2724,749
3720,598,2777
3721,1545,949
3722,3149,687
3723,488,139
3724,2170,4396
3725,36,925
3726,193,2336
3727,1562,605
3728,674,248
3729,677,650
3730,375,281
3731,2729,189
3732,2404,577
3733,1397,341
3734,2085,3919
3735,98,4600
3736,861,2097
3737,2037,210
3738,4578,1700
3739,389,4054
3740,4435,1903
3741,306,2520
3742,127,4623
3743,0,328
3744,872,3406
3745,476,279
3746,561,188
3747,4260,314
3748,349,4955
3749,1273,575
3750,2252,3722
3751,924,3205
3752,315,1599
3753,4078,960
3754,537,3731
3755,142,1121
3756,3461,817
3757,1424,117
3758,151,573
3759,574,333
3760,1527,2197
3761,1139,3258
3762,4620,121
3763,1959,3763
3764,1378,5130
3765,3793,4187
3766,2213,1528
3767,3217,451
3768,2658,1243
3769,229,279
3770,870,3988
3771,674,2922
3772,22,551
3773,2203,810
3774,2410,909
3775,106,169
3776,173,1069
3777,1741,708
3778,9,1552
3779,2213,3794
3780,20,2675
3781,92,4230
3782,267,142
3783,3144,848
3784,916,2172
3785,1378,2733
3786,4965,264
3787,4510,3577
3788,379,942
3789,340,653
3790,2617,3596
3791,1168,1832
3792,3886,2535
3793,4187,354
3794,19,1529
3795,1024,3322
3796,3112,53
3797,1025,301
3798,2205,2751
3799,126,861
3800,919,1116
3801,1810,1158
3802,817,465
3803,1494,1418
3804,350,2462
3805,4641,3428
3806,1143,1178
3807,245,472
3808,30,1286
3809,4646,282
3810,1681,2765
3811,470,343
3812,4859,978
3813,2652,1924
3814,1486,2992
3815,731,426
3816,403,2963
3817,69,2314
3818,560,4529
3819,1214,1558
3820,218,3106
3821,3848,689
3822,352,835
3823,4202,1375
3824,5036,1408
3825,1505,1603
3826,2992,441
3827,1523,54
3828,1508,1937
3829,581,2808
3830,1533,3584
3831,548,815
3832,368,426
3833,297,722
3834,1013,988
3835,1196,4010
3836,3835,3494
3837,244,1463
3838,81,1450
3839,2150,1168
3840,3232,1429
3841,1611,3724
3842,4571,184
3843,793,2179
3844,100,1424
3845,897,54
3846,2461,4231
3847,14,4312
3848,2318,30
3849,545,1658
3850,2429,3538
3851,1783,257
3852,36,2112
3853,1606,80
3854,105,1482
3855,183,1269
3856,57,353
3857,653,3857
3858,723,2897
3859,916,1635
3860,2045,494
3861,2136,1112
3862,846,2953
3863,3113,3387
3864,431,1901
3865,397,65
3866,4913,4979
3867,1914,2703
3868,3558,178
3869,154,4455
3870,2179,922
3871,2750,6
3872,1049,563
3873,2434,1214
3874,2698,1754
3875,1725,3239
3876,561,372
3877,553,179
3878,1263,572
3879,564,764
3880,205,4358
3881,1990,418
3882,0,694
3883,708,506
3884,4515,2110
3885,888,823
3886,2535,2570
3887,2085,3919
3888,1829,54
3889,3951,206
3890,527,2798
3891,889,5107
3892,4175,2367
3893,1097,1075
3894,1926,318
3895,9,5118
3896,3860,822
3897,1243,886
3898,1792,4117
3899,653,4538
3900,2742,480
3901,3992,2715
3902,791,814
3903,27,2643
3904,84,65
3905,222,3817
3906,1569,1574
3907,122,1669
3908,2447,509
3909,355,332
3910,1707,1350
3911,60,3767
3912,225,455
3913,2720,463
3914,23,2242
3915,532,1836
3916,1709,1461
3917,115,170
3918,534,3104
3919,90,2332
3920,3481,2362
3921,4587,3921
3922,2550,4963
3923,2900,155
3924,81,2766
3925,394,3722
3926,146,254
3927,1060,814
3928,2513,480
3929,1599,1295
3930,1243,1392
3931,2296,510
3932,187,3976
3933,3,2026
3934,368,406
3935,3,1447
3936,606,3291
3937,2092,2143
3938,973,245
3939,1610,2760
3940,683,8
3941,1235,373
3942,271,795
3943,4459,2849
3944,3549,3004
3945,2025,1182
3946,1428,338
3947,53,1059
3948,264,1289
3949,1647,322
3950,1161,208
3951,4376,268
3952,500,1377
3953,123,1127
3954,1076,285
3955,1770,1477
3956,771,279
3957,2110,394
3958,172,69
3959,1043,781
3960,1498,911
3961,2284,508
3962,1754,129
3963,959,1030
3964,149,370
3965,1342,13
3966,1623,1366
3967,2739,2644
3968,230,1784
3969,72,2907
3970,478,664
3971,228,3902
3972,3341,3433
3973,666,2491
3974,1490,288
3975,1593,1147
3976,0,3973
3977,193,663
3978,668,3978
3979,2860,1284
3980,1502,287
3981,1672,1970
3982,2438,2060
3983,2861,568
3984,169,1452
3985,464,2651
3986,612,1159
3987,265,4072
3988,4565,1852
3989,3749,108
3990,2909,4701
3991,1206,2973
3992,3093,3901
3993,2845,355
3994,1209,2173
3995,1077,1466
3996,577,1780
3997,1530,784
3998,1563,3998
3999,1155,2237
4000,2714,367
4001,135,3977
4002,4439,898
4003,1135,1183
4004,529,602
4005,3990,4005
4006,943,22
4007,1183,905
4008,4631,4180
4009,832,370
4010,3675,50
4011,196,3858
4012,2336,60
4013,817,3355
4014,1832,3133
4015,244,353
4016,34,514
4017,646,2237
4018,538,1073
4019,130,883
4020,310,881
4021,1486,2259
4022,440,175
4023,4042,3325
4024,2928,1350
4025,2559,731
4026,456,1291
4027,4151,96
4028,350,1272
4029,461,2188
4030,854,167
4031,88,1310
4032,313,4609
4033,565,2451
4034,1303,2194
4035,1479,1907
4036,2942,3760
4037,2204,548
4038,5167,1080
4039,726,5086
4040,3952,500
4041,70,115
4042,800,3711
4043,160,2365
4044,73,254
4045,3272,4956
4046,1091,927
4047,1451,274
4048,3910,4048
4049,489,911
4050,462,4413
4051,997,1990
4052,2979,2622
4053,62,3632
4054,5080,3094
4055,2212,1287
4056,3629,1048
4057,328,4143
4058,1388,724
4059,818,422
4060,1120,504
4061,2776,58
4062,800,2955
4063,3799,379
4064,3385,345
4065,784,95
4066,4232,4990
4067,437,1880
4068,4088,646
4069,803,2579
4070,1492,3111
4071,2884,1067
4072,470,876
4073,421,716
4074,66,2916
4075,917,943
4076,32,2655
4077,163,4681
4078,4446,602
4079,1552,1731
4080,3914,547
4081,3057,1789
4082,1227,1267
4083,593,158
4084,3627,517
4085,1328,2836
4086,2368,670
4087,2182,651
4088,288,946
4089,177,3983
4090,392,346
4091,2486,722
4092,4871,1461
4093,1516,243
4094,56,1354
4095,2852,1944
4096,252,225
4097,287,3438
4098,45,64
4099,229,1653
4100,3067,371
4101,558,3939
4102,3718,599
4103,877,173
4104,1461,2150
4105,646,2305
4106,398,1353
4107,469,1904
4108,3431,895
4109,881,108
4110,2424,4110
4111,1439,2
4112,668,4344
4113,1725,3820
4114,77,308
4115,3154,1701
4116,2361,4483
4117,3743,278
4118,979,1441
4119,718,1096
4120,1881,258
4121,194,3222
4122,61,397
4123,5,2531
4124,1517,826
4125,641,14
4126,1555,459
4127,414,2874
4128,867,802
4129,2222,2788
4130,171,97
4131,3247,4131
4132,4564,2570
4133,590,1901
4134,702,1923
4135,2438,4162
4136,501,3512
4137,4115,1701
4138,408,1714
4139,2969,18
4140,3485,760
4141,1661,1133
4142,322,359
4143,1421,1097
4144,3509,2710
4145,3825,4503
4146,1464,1569
4147,2576,2038
4148,4340,935
4149,3791,4243
4150,951,2227
4151,233,417
4152,135,3968
4153,414,2970
4154,1540,370
4155,2926,1644
4156,3071,536
4157,1767,34
4158,1562,3517
4159,642,1956
4160,954,188
4161,233,1339
4162,1586,1423
4163,1429,1092
4164,642,63
4165,171,829
4166,199,482
4167,275,2396
4168,281,679
4169,3985,2403
4170,2406,483
4171,2317,351
4172,2039,2683
4173,4754,251
4174,390,1838
4175,2367,203
4176,475,949
4177,810,111
4178,443,50
4179,941,44
4180,4008,66
4181,841,1711
4182,15,221
4183,2327,2361
4184,1031,1653
4185,362,1193
4186,324,262
4187,4,3958
4188,781,3055
4189,3396,388
4190,1070,850
4191,2333,900
4192,1970,450
4193,610,5191
4194,1110,2289
4195,5,4278
4196,4288,2928
4197,3582,619
4198,202,421
4199,3500,2222
4200,139,511
4201,1607,2094
4202,1709,886
4203,3376,4443
4204,3527,3328
4205,2486,2234
4206,49,477
4207,322,326
4208,296,571
4209,889,109
4210,291,203
4211,4,3457
4212,2068,4585
4213,472,3182
4214,1585,23
4215,1621,626
4216,82,305
4217,2292,1126
4218,692,4748
4219,731,1456
4220,840,1114
4221,1081,2759
4222,2113,274
4223,3266,2770
4224,281,3286
4225,208,3542
4226,1703,23
4227,2858,2253
4228,3916,2018
4229,836,1453
4230,908,3451
4231,156,2927
4232,4066,2570
4233,106,495
4234,415,1005
4235,2763,408
4236,1844,358
4237,402,1121
4238,1784,55
4239,247,341
4240,1917,199
4241,3051,2287
4242,81,4694
4243,3643,3995
4244,1369,3202
4245,562,2504
4246,207,2061
4247,107,485
4248,135,266
4249,900,2861
4250,582,788
4251,1114,5074
4252,325,744
4253,4897,1121
4254,2960,2561
4255,1361,2770
4256,569,1376
4257,2992,564
4258,93,3914
4259,2381,391
4260,239,498
4261,1832,2704
4262,259,791
4263,2996,288
4264,1643,2474
4265,370,328
4266,553,149
4267,222,1724
4268,253,414
4269,2056,1884
4270,1640,3293
4271,1608,133
4272,2072,935
4273,2003,795
4274,669,272
4275,1498,2208
4276,392,912
4277,3819,1069
4278,2096,3870
4279,4215,2593
4280,2451,687
4281,33,790
4282,193,1934
4283,3489,4614
4284,3295,398
4285,818,224
4286,36,2139
4287,1863,520
4288,2634,2059
4289,492,0
4290,62,719
4291,1826,115
4292,286,4711
4293,2437,1094
4294,797,1639
4295,3255,754
4296,2439,751
4297,4270,4721
4298,1,3882
4299,1395,1761
4300,567,110
4301,2308,128
4302,1435,1001
4303,1409,3945
4304,1793,1655
4305,570,340
4306,3126,2960
4307,2705,4572
4308,190,820
4309,63,2680
4310,939,2188
4311,881,984
4312,612,2804
4313,1472,5018
4314,28,1325
4315,3455,871
4316,1927,2522
4317,4368,4317
4318,322,3414
4319,824,422
4320,2058,1393
4321,1881,466
4322,2111,1181
4323,1283,549
4324,1535,2144
4325,3917,4550
4326,82,734
4327,641,151
4328,10,1372
4329,3364,4425
4330,993,3566
4331,1305,695
4332,3683,849
4333,573,264
4334,4662,3892
4335,327,2418
4336,2592,1215
4337,3822,2551
4338,847,961
4339,1479,143
4340,870,1864
4341,4764,1199
4342,701,728
4343,1670,1012
4344,548,3289
4345,214,1355
4346,1879,4465
4347,1333,1464
4348,1074,3191
4349,1248,925
4350,2712,519
4351,1651,4641
4352,419,725
4353,293,784
4354,108,652
4355,232,2908
4356,295,993
4357,1640,3521
4358,2188,1593
4359,1424,1024
4360,356,3243
4361,4796,510
4362,3823,1485
4363,2975,4363
4364,80,4175
4365,4948,747
4366,126,434
4367,1931,2001
4368,1991,1575
4369,3894,3427
4370,39,3123
4371,10,3161
4372,4828,2221
4373,279,1224
4374,4814,4374
4375,3845,2177
4376,1505,5191
4377,182,1022
4378,2143,337
4379,923,2192
4380,4720,3661
4381,1215,4504
4382,3980,1280
4383,1487,1573
4384,628,3562
4385,3632,3296
4386,3136,1729
4387,186,1050
4388,908,2971
4389,3345,1090
4390,20,2376
4391,2056,1057
4392,3872,5194
4393,240,887
4394,276,505
4395,2494,2208
4396,3146,3303
4397,1986,4422
4398,871,70
4399,2025,156
4400,2038,2054
4401,4858,552
4402,266,3732
4403,2726,10
4404,82,151
4405,2799,2799
4406,574,1364
4407,3619,919
4408,87,2437
4409,1461,2501
4410,1324,1147
4411,2374,33
4412,54,5
4413,450,2909
4414,228,1941
4415,1024,1024
4416,3452,17
4417,1642,1210
4418,1262,1068
4419,608,1794
4420,3749,2024
4421,3127,2948
4422,4301,1277
4423,85,836
4424,1184,321
4425,612,2940
4426,5105,4344
4427,1389,2728
4428,2543,705
4429,494,308
4430,99,4222
4431,1499,3733
4432,1015,3987
4433,4028,730
4434,644,4200
4435,2122,2229
4436,940,3291
4437,120,176
4438,1169,205
4439,3304,1201
4440,3598,289
4441,423,924
4442,4942,354
4443,4396,1939
4444,44,2771
4445,1351,609
4446,602,1734
4447,836,470
4448,3151,3151
4449,105,1156
4450,1406,523
4451,428,1052
4452,18,1414
4453,751,3610
4454,1620,1712
4455,3618,834
4456,3414,263
4457,3184,2451
4458,1388,519
4459,3862,23
4460,2424,2341
4461,118,1191
4462,314,3119
4463,390,3205
4464,113,2783
4465,1879,1469
4466,1577,3372
4467,5125,3189
4468,1606,3421
4469,57,1993
4470,3972,2083
4471,5010,347
4472,4054,1128
4473,4355,543
4474,189,1700
4475,3320,4958
4476,3500,2770
4477,976,601
4478,2026,2556
4479,4466,2888
4480,2088,2537
4481,52,263
4482,34,3409
4483,562,190
4484,1004,508
4485,2654,1608
4486,859,1142
4487,513,2381
4488,0,3054
4489,206,311
4490,3305,3555
4491,1747,962
4492,2309,518
4493,2083,1461
4494,2134,12
4495,1279,54
4496,130,48
4497,2491,191
4498,992,1456
4499,4689,2932
4500,356,3503
4501,1606,1253
4502,2519,574
4503,327,789
4504,36,3927
4505,353,122
4506,2664,2366
4507,404,2970
4508,3095,674
4509,741,1011
4510,3787,261
4511,803,896
4512,2737,43
4513,76,495
4514,4753,4514
4515,349,66
4516,1769,3557
4517,0,391
4518,1629,437
4519,1463,3318
4520,4638,805
4521,1674,3
4522,1934,3798
4523,5154,3243
4524,263,703
4525,2466,1885
4526,105,109
4527,4074,2504
4528,884,244
4529,4396,5098
4530,639,333
4531,122,563
4532,4615,2234
4533,2986,527
4534,3082,1022
4535,2817,2
4536,2562,37
4537,1864,358
4538,2240,156
4539,678,1915
4540,2748,2
4541,2257,53
4542,2615,1392
4543,1863,119
4544,1191,11
4545,1266,89
4546,3484,2229
4547,1354,282
4548,3557,1558
4549,1126,5011
4550,1791,308
4551,348,1739
4552,3149,2485
4553,2099,653
4554,250,430
4555,143,1469
4556,545,1326
4557,469,4213
4558,1749,1600
4559,39,1820
4560,3,3611
4561,13,2659
4562,238,6
4563,17,4704
4564,1939,1888
4565,1697,1388
4566,1955,309
4567,2833,744
4568,4391,1166
4569,419,2487
4570,982,1091
4571,101,1614
4572,144,2
4573,128,4933
4574,2523,1318
4575,388,31
4576,5139,3060
4577,193,3318
4578,949,805
4579,20,3780
4580,352,2059
4581,344,514
4582,1632,52
4583,318,39
4584,1059,2076
4585,1374,1306
4586,2,1197
4587,2226,1038
4588,5042,2159
4589,2720,40
4590,4535,4546
4591,619,1208
4592,845,1271
4593,1627,3766
4594,731,84
4595,38,1160
4596,1498,3401
4597,1103,699
4598,1973,282
4599,2579,2487
4600,5157,146
4601,1092,611
4602,367,184
4603,55,1196
4604,3403,3595
4605,92,1732
4606,500,944
4607,3555,3053
4608,243,504
4609,4017,209
4610,647,78
4611,896,259
4612,1660,322
4613,2120,1405
4614,4218,3877
4615,1577,3814
4616,4372,5191
4617,630,4844
4618,1791,5090
4619,825,1048
4620,14,144
4621,3004,107
4622,39,4628
4623,569,4771
4624,1790,1932
4625,126,4131
4626,1542,248
4627,804,566
4628,428,949
4629,705,4568
4630,294,5141
4631,1182,1007
4632,63,637
4633,146,2795
4634,113,2762
4635,2700,3402
4636,1607,4667
4637,1706,1954
4638,6,615
4639,3421,4731
4640,2386,219
4641,49,3805
4642,1105,2242
4643,2229,4684
4644,38,1221
4645,443,3622
4646,29,890
4647,55,1638
4648,4730,545
4649,2256,6
4650,862,796
4651,1054,1263
4652,317,2774
4653,1518,3345
4654,1021,3109
4655,305,761
4656,817,2114
4657,2328,737
4658,2032,2457
4659,4426,1005
4660,3610,267
4661,2650,778
4662,2367,1379
4663,4192,2885
4664,585,72
4665,590,2446
4666,144,725
4667,806,1072
4668,1219,1846
4669,1486,4257
4670,2368,3673
4671,1203,3347
4672,1833,538
4673,2400,1245
4674,14,178
4675,1343,2384
4676,5,4633
4677,80,739
4678,1593,2676
4679,4946,417
4680,596,320
4681,72,105
4682,276,220
4683,92,72
4684,2231,937
4685,3719,3765
4686,1981,1008
4687,453,756
4688,67,4181
4689,978,2942
4690,1053,131
4691,2176,5027
4692,752,2276
4693,33,5081
4694,1890,1473
4695,1444,802
4696,2633,1486
4697,540,2191
4698,2937,3402
4699,357,1125
4700,3381,1224
4701,2909,691
4702,1953,965
4703,1651,685
4704,4651,1802
4705,187,4037
4706,676,574
4707,1047,2081
4708,3592,3196
4709,259,2903
4710,1624,2120
4711,286,1440
4712,2831,2586
4713,141,3249
4714,4898,292
4715,623,1877
4716,1161,41
4717,3411,2710
4718,430,4738
4719,372,111
4720,1096,2668
4721,2324,2361
4722,1366,1024
4723,1801,236
4724,4292,1143
4725,2002,1244
4726,10,409
4727,3180,1371
4728,4051,33
4729,2680,854
4730,1702,242
4731,3309,947
4732,2523,240
4733,378,270
4734,1204,1480
4735,3155,2658
4736,2121,1441
4737,1171,1535
4738,4210,1468
4739,2446,999
4740,4641,49
4741,1267,293
4742,2230,998
4743,297,2695
4744,328,4878
4745,47,1344
4746,3328,1436
4747,756,5149
4748,1566,1280
4749,52,149
4750,3160,2179
4751,961,125
4752,1542,3439
4753,625,1505
4754,251,628
4755,2150,833
4756,3061,1092
4757,27,712
4758,177,550
4759,2784,740
4760,3512,2435
4761,1766,0
4762,459,2211
4763,1759,23
4764,1052,2287
4765,455,3563
4766,1021,998
4767,392,3265
4768,2650,4768
4769,3053,2761
4770,605,4170
4771,2665,3420
4772,2077,4871
4773,1067,4244
4774,2400,1233
4775,576,2522
4776,888,79
4777,376,1047
4778,3812,3306
4779,140,27
4780,218,2883
4781,839,2706
4782,1019,66
4783,598,363
4784,1734,740
4785,1056,4794
4786,3970,2886
4787,3924,398
4788,694,776
4789,2000,94
4790,2455,1929
4791,334,1674
4792,332,956
4793,1400,523
4794,63,642
4795,4929,4279
4796,5061,1075
4797,108,1550
4798,2886,677
4799,1259,3038
4800,3582,391
4801,481,1179
4802,233,4728
4803,3764,53
4804,2975,2685
4805,3041,4397
4806,2514,3524
4807,293,312
4808,839,487
4809,1269,3099
4810,2266,2290
4811,1605,203
4812,605,4653
4813,47,704
4814,82,485
4815,1379,3548
4816,4995,427
4817,1515,1588
4818,520,3353
4819,1692,1393
4820,537,335
4821,138,19
4822,19,1026
4823,1361,1699
4824,3310,1204
4825,726,1135
4826,3766,1912
4827,3,1490
4828,13,1162
4829,2487,341
4830,2122,1201
4831,2250,66
4832,355,43
4833,2268,1318
4834,482,683
4835,4536,421
4836,349,1277
4837,133,750
4838,420,156
4839,1018,755
4840,910,801
4841,4344,3691
4842,517,387
4843,1895,721
4844,3158,428
4845,66,438
4846,101,879
4847,91,141
4848,570,3868
4849,1932,1528
4850,1970,450
4851,744,100
4852,105,64
4853,1881,1344
4854,940,886
4855,2406,2406
4856,1239,434
4857,1713,1343
4858,90,2780
4859,3162,3304
4860,3550,681
4861,1615,4022
4862,2870,4216
4863,1600,2567
4864,31,1849
4865,1327,1573
4866,1234,334
4867,1014,699
4868,1985,306
4869,817,3624
4870,172,2681
4871,1461,4710
4872,1042,1598
4873,15,2390
4874,3515,87
4875,329,754
4876,1254,797
4877,114,2088
4878,142,3057
4879,805,1
4880,93,337
4881,713,654
4882,20,2316
4883,2570,2013
4884,959,711
4885,1896,1295
4886,885,1138
4887,171,690
4888,1058,2517
4889,356,1734
4890,914,1408
4891,942,0
4892,812,2188
4893,1272,328
4894,180,969
4895,341,1697
4896,637,63
4897,638,673
4898,292,1786
4899,1874,236
4900,1657,2073
4901,63,2800
4902,4195,235
4903,1995,3247
4904,197,2167
4905,729,739
4906,4682,3904
4907,4835,1606
4908,762,1626
4909,2916,4435
4910,2970,1564
4911,315,4911
4912,1243,128
4913,2760,1238
4914,1735,297
4915,1562,2764
4916,2311,22
4917,4505,4660
4918,659,1672
4919,3270,3337
4920,66,3068
4921,1380,1887
4922,2312,1070
4923,4324,528
4924,2101,730
4925,1370,1715
4926,682,1649
4927,27,777
4928,4624,3490
4929,321,64
4930,3020,362
4931,690,4707
4932,843,2007
4933,456,45
4934,507,3214
4935,3555,2832
4936,259,161
4937,274,1290
4938,1296,117
4939,44,542
4940,4358,2864
4941,2263,2644
4942,4,1
4943,1173,1032
4944,1879,3113
4945,3425,3450
4946,123,1293
4947,409,122
4948,4365,3506
4949,796,4241
4950,2712,521
4951,152,64
4952,93,3131
4953,2571,57
4954,1348,3218
4955,229,3781
4956,4492,1933
4957,2527,1369
4958,584,2895
4959,1260,149
4960,501,460
4961,1595,3203
4962,1350,1707
4963,2550,1174
4964,1151,362
4965,254,810
4966,419,4828
4967,592,2285
4968,196,2448
4969,406,1763
4970,283,2660
4971,5098,1028
4972,871,806
4973,3889,1550
4974,770,1749
4975,587,4042
4976,1284,78
4977,2397,96
4978,138,1258
4979,4913,1780
4980,58,3008
4981,4257,4804
4982,1344,337
4983,761,218
4984,228,4262
4985,4380,1244
4986,19,509
4987,171,4768
4988,432,4865
4989,4,1268
4990,2525,3903
4991,379,3650
4992,127,3000
4993,9,599
4994,1357,323
4995,3849,1042
4996,2378,766
4997,3699,577
4998,2127,1084
4999,229,3573
5000,780,2048
5001,919,1002
5002,1755,787
5003,251,2099
5004,1839,3590
5005,22,1278
5006,1780,31
5007,2196,2532
5008,646,911
5009,1161,3850
5010,56,831
5011,753,1
5012,2149,2780
5013,260,326
5014,631,240
5015,25,3087
5016,1512,348
5017,3226,306
5018,971,1031
5019,180,2467
5020,1001,818
5021,935,4
5022,188,579
5023,2533,3454
5024,552,4858
5025,425,3104
5026,2096,568
5027,1070,603
5028,6,4781
5029,3739,5086
5030,167,140
5031,3339,4375
5032,1659,1742
5033,4793,4606
5034,362,478
5035,2319,211
5036,1816,3116
5037,239,2069
5038,3122,3572
5039,44,834
5040,4712,1361
5041,585,759
5042,873,97
5043,1432,2119
5044,310,532
5045,3303,2599
5046,805,1289
5047,978,2975
5048,587,495
5049,4092,3001
5050,1246,277
5051,3309,1519
5052,3095,291
5053,1846,1219
5054,2612,3485
5055,4859,3812
5056,1384,693
5057,898,1226
5058,932,1089
5059,990,361
5060,125,3527
5061,267,2538
5062,826,2397
5063,1649,5063
5064,9,2839
5065,3980,183
5066,545,602
5067,1634,887
5068,1151,714
5069,448,3684
5070,2614,266
5071,1641,3285
5072,907,505
5073,205,5073
5074,4411,292
5075,86,4893
5076,1752,1344
5077,1143,4491
5078,534,33
5079,3950,3591
5080,3094,1237
5081,1323,594
5082,192,48
5083,510,2664
5084,89,394
5085,672,2572
5086,41,50
5087,1474,2871
5088,3037,2862
5089,1862,3504
5090,1791,267
5091,4102,4410
5092,1248,1302
5093,497,1350
5094,3256,5094
5095,1773,3121
5096,4290,2092
5097,448,221
5098,2701,2316
5099,3209,16
5100,1643,4062
5101,1207,579
5102,795,192
5103,877,3767
5104,422,67
5105,1031,4670
5106,11,3669
5107,1968,3616
5108,312,1268
5109,1735,1420
5110,1474,2065
5111,143,2413
5112,4013,2618
5113,1100,4321
5114,261,2008
5115,3384,3224
5116,20,1585
5117,1265,61
5118,118,1073
5119,2271,1028
5120,2392,134
5121,1741,79
5122,1059,4790
5123,2263,1918
5124,278,4883
5125,80,167
5126,1591,2241
5127,267,3610
5128,255,1666
5129,1501,597
5130,786,2839
5131,7,1453
5132,4911,2619
5133,3672,3241
5134,33,3803
5135,410,121
5136,1127,8
5137,515,1365
5138,1202,793
5139,2068,95
5140,17,1708
5141,1471,778
5142,2212,2216
5143,83,2377
5144,4727,812
5145,4103,799
5146,1909,3384
5147,621,744
5148,819,2491
5149,29,377
5150,184,1592
5151,63,281
5152,2041,731
5153,803,156
5154,2432,249
5155,1935,561
5156,3195,1434
5157,2548,4406
5158,803,790
5159,3772,294
5160,1544,349
5161,2937,4236
5162,1024,2415
5163,4583,169
5164,203,3226
5165,1556,797
5166,4738,4679
5167,1098,665
5168,1105,1449
5169,1117,4132
5170,219,2532
5171,1921,3783
5172,498,4310
5173,26,740
5174,896,663
5175,2157,4708
5176,1236,311
5177,675,2453
5178,1498,3368
5179,112,1285
5180,2,2118
5181,3454,1526
5182,1004,1373
5183,164,1908
5184,450,3469
5185,2888,22
5186,496,1375
5187,516,2656
5188,1201,3513
5189,95,3537
5190,23,956
5191,984,101
5192,1944,714
5193,49,2705
5194,182,2223
5195,705,3769
